,Unnamed: 0,user,tweet,label,cluster
0,0,29231236,We like having options! #clue #cluegame #vintageclue #hitchcockclue #options #games https://t.co/p66KXzLGGn,#games,0
1,1,29231236,"RT @AdviceToWriters: Mystery is the basic element of all works of art.
LUIS BUUEL
#art #literature #writing #writetip",#art,6
2,2,189333010,RT @eggo: At least there's one thing we can agree on: Waffles are great. #politics #LeggoMyEggo https://t.co/MzpSu7hCIC,#politics,3
3,3,189333010,RT @TheRealTahiry: How can I not love her @ciara  #style #fashion #metgala #manusxmachina #metgala2016 #ciara https://t.co/INj9zvdBsU,#fashion,7
4,4,189333010,RT @USPSbiz: We joined forces with @Poshmarkapp to create Posh Post  a #shipping collaboration for #fashion. See how. https://t.co/1riWB,#fashion,7
5,5,58953182,I came for Drake. #musicmidtown RT @iAmChrisNeal: What's in Atlanta this weekend? Half my snap chat and instagram TL is there right now lol,#music,3
6,6,58953182,You know why I'm here  #bae #drizzy #musicmidtown @ Midtown Music Festival At Piedmont Park- https://t.co/xi5mDrC3H9,#music,3
7,7,58953182,Literally a sea of people  #musicmidtown #atl #crazypacked thanks @Mj_Willi !  @ Midtown Music https://t.co/aeX1428o0W,#music,2
8,8,16582002,RT @CherylGustafson: The 1st time I've tuned in to @MTV in 20+ years. #music #genius  https://t.co/bR5P16fJUT,#music,2
9,9,16582002,Deadpools Spoofs The Bachelor In The Latest Movie Trailer https://t.co/JbdxoPnt71 #ADHDShow #newsandupdates,#news,0
10,10,2172798102,RT @tvequals: #CBS 2015-2016 Primetime TV Schedule http://t.co/58RHnEdGE2 #featured #news #fall2015,#news,4
11,11,2172798102,RT @SheriBiesen: Smoke. Blues. Jazz. Music in the Shadows #noir #musical #film http://t.co/ZOnqQ8ZgAb http://t.co/61NkSudkqH http://t.co/HV,#music,2
12,12,2172798102,RT @SheriBiesen: My new #noir #musical #book Music in the Shadows http://t.co/61NkSudkqH http://t.co/HV1UEJXUo6 http://t.co/KfBYLN56eJ http,#music,2
13,13,573245705,RT @Don__Gorgon: God is my strength  thank you #highend #streetwear #magazine #culture #youth #NewYork #fashion #style https://t.co/2rLtc,#fashion,7
14,14,24102642,RT @jbenefield: Hey friends! Go to https://t.co/ztYTfXMR3h and enter the contest to possibly win a free recording session. #music,#music,2
15,15,24102642,RT @anadjurkovic3: I'm uploading a time lapse of this #UntilDawn painting to YouTube soon! (http://t.co/zbBZHA2Lq5) #gaming #art http://t.c,#art,6
16,16,722704670,More exciting #bingewatch news! #TrueDetective drops the #TrueDetectiveSeason2 teaser on #facebook: https://t.co/5OJ6BChlDa #binge #tv #news,#news,4
17,17,2973057588,"RT @etnow: Happy birthday, @SJP! She's still giving us major #fashiongoals: https://t.co/Rq6crvibFk https://t.co/u4laMKzQTp",#fashion,1
18,18,231975300,"RT @SamJupiter93: No matter how many times I watch it, I still cry when kid flash dies #youngjustice #kidflash #artemis",#art,0
19,19,10023372,My other #coach treasure from yesterday. #fashionshowmall #outlet #instafamous http://t.co/kj8Ix2oPMa,#fashion,0
20,20,10023372,"from now on until the end of Twitter, I shall ONLY follow #politics and #debates through Twitter. ONLY #TWITTER. #hailtwitter.",#politics,5
21,21,10023372,There's like 100 ppl at the #gamestop next door. Is something coming out tonight?  (@ McDonald's) on #Yelp http://t.co/R1pljvng,#games,3
22,22,10023372,Saw #aladdin #musical #spectacular again in a long time! Spotted @jonathansison92!  http://t.co/2rmX48wA,#music,0
23,23,10023372,"Watching #jeopardy, #art rule of thirds was a $2000 answer. I answered it before they even finished the clue. #feelssmart",#art,6
24,24,10023372,"Summertime Shoe http://t.co/W9PMg5e7
#louboutins #fashionblog #fashionista #louisvuitton",#fashion,0
25,25,526444212,#articpuffin #addmeonsnapchat amberlysheashea https://t.co/MPpEMB8NKp,#art,0
26,26,825901836,RT @ADRIANTORRESART: EVA 180X130 cm. ready for @GlobalGiftGala @EvaLongoria #Madrid #EvaLongoria #art https://t.co/BRL9u6oxTD,#art,6
27,27,825901836,"RT @lorenridinger: Sister, love. @evalongoria  #mygirl #artbasel #shopcom #artbasel2015 https://t.co/WVwFZWDVXY",#art,0
28,28,825901836,"RT @EvaLongoria: ""@RachelZoe: Don't mess with @evalongoria when playing #trendortragic, right @derekblasberg?? #fashionablylateRZ"" hahaha",#fashion,0
29,29,825901836,"RT @EvaLongoria: ""@RachelZoe: Fully support you bringing 6 pairs of black pumps on a trip @evalongoria #agirlneedsoptions #fashionablylateR",#fashion,1
30,30,825901836,RT @DianaMariaRiva: Post @HotandBothered BBQ... Now serious stuff..#games @EvaLongoria @amaurynolasco @JadynDouglas @jencarlosmusic http://,#games,0
31,31,187678724,Somehow becoming the only one in the office means you can pump up the jams as loud as you like. #partyofone #newsroomofone,#news,1
32,32,2240061356,"These moments always get me :') (^^)
#Aquaman #arthurcurry #Mera #Atlantis #DcHeroes #New52  #DcComics #Comics http://t.co/AZKCm6aalU",#art,0
33,33,722653256,"RT @alisonjardine: The Thick of It' 48""x60"" oil on canvas #art . https://t.co/AoIftmMI2o #painting",#art,6
34,34,722653256,"RT @alisonjardine: Riots of Spring' 30""x30"" oil on canvas... https://t.co/36zpEm0InF #art .. #painting",#art,6
35,35,722653256,"RT @alisonjardine: 'Light Translucence' 72"" x 60"" oil on canvas #painting http://t.co/WYWiAuQLdo #art .",#art,6
36,36,68472627,"RT @MusicVisibleLT: Rihanna shot a new music video, probably, for 'Needed Me'

#Rihanna #Anti #NeededMe #musicvideo #behindthescenes https:",#music,2
37,37,68472627,RT @TYCASHH: I listen to #music while I do everything.,#music,2
38,38,68472627,I want to create my own #magazine.  We've been plotting this since day one. #WeAreOnAMission #writing #writers #artists #Love,#art,1
39,39,1439285520,"RT @UzoAduba: @indiaarie  Twitter limits my full heart share of your art so I'll just say: Video, I Am Not My Hair, Ready For Love #music",#music,6
40,40,36944311,Love it! #art #blackart https://t.co/dUMyVhVJTY,#art,6
41,41,36944311,RT @AshleeSade7 Loving the wardrobe in #WithThisRing #style #fashion #onpoint --&gt;IKR,#fashion,7
42,42,349553298,Tf am I supposed to download music from now #musicparadise,#music,2
43,43,66444148,I am #obsessed with #QueenoftheClouds @iamtovelo I LOVE #music with #meaning ,#music,2
44,44,66444148,"Trying to #work but I keep getting #distracted with #music and #selfies - Sincerely, Procrastinating in #Nashville http://t.co/THLS9iWduG",#music,1
45,45,66444148,I swear #music is my #drug...it puts me in a great mood!!,#music,2
46,46,66444148,Late to the party but always on time... #Lemonade #DanityKane #thirsty finallllllllyyy #new #music @danitykane  http://t.co/fal6hvESQW,#music,2
47,47,66444148,Ok another #obsession @nayarivera #the #shit #fromgleetosolostar #fun #music http://t.co/xlSQsbo54i,#music,2
48,48,66444148,And so it begins...finally!!! #ladygaga #artpop #return #of #mother #monster http://t.co/nvMXyNDya4,#art,0
49,49,66444148,@cherlloyd thank you for making my awful morning into a great one! #music #therapy #love #cherlloyd http://t.co/uE9QjYzIS0,#music,2
50,50,30480494,"RT @HeartJacking: ""Rumors Fill the Air at Hedi Slimanes Saint Laurent Show"" https://t.co/v3nzyDRgYV #fashion #hat #teeshirt #etsy #shoppin",#fashion,3
51,51,30480494,RT @deus6001: Coming March 2016 #THEDMATZZIS #crimedrama #Webseries  #sexy #familydrama #music #demedriuscharlesproductions https://t.co/fu,#music,2
52,52,3317296048,PHOEBE ENGLISH UCA fashion film 2014 - https://t.co/aQCxuVHZKW via the #fashionfilm I edited for 2nd year #phoebeenglish inspired,#fashion,7
53,53,3317296048,Booty gifs #art,#art,6
54,54,344526913,"RT @SiempreAmor9: @PAFAcademy Glad to have seen the #NormanLewis work on @CBSSunday , this is still my favorite piece #art https://t.co/0uf",#art,1
55,55,344526913,"RT @SiempreAmor9: At it again @metmuseum , always finding something new and different to enjoy #art https://t.co/7791LrQvV0",#art,6
56,56,344526913,"@povdocs Mark Landis no friends,no family and his passion for #harmless forgery #Schizophrenia &amp; #artandcraft",#art,0
57,57,344526913,"RT @SiempreAmor9: #SouthJersey #YAP #arts #fitness #supportus 
at Evolve Fitness and Landmark Americana
https://t.co/lEytWkiPUV http://t.co",#art,6
58,58,344526913,"RT @povdocs: Friday at 10 PM on @PBS: Don't miss @artandcraftfilm, a story of art, forgery and legacy #artandcraft http://t.co/suS34kh84m",#art,6
59,59,344526913,"@Gothamist: The Blurred Lines,Our Gothamist YouTube Was Terminated Because Boobs http://t.co/mg5i8DvzMa #art vs #women #exploitation",#art,6
60,60,41302387,Thank awkward moment when you run into someone you know wearing a business suit and clogs at Target #warmfeet #fashiondisaster,#fashion,3
61,61,79994320, RT @ohnotheydidnt: Christina Aguilera Preforming at the 2014 New Orleans Jazz &amp; Heritage Festival http://t.co/cSq097oja9 #musicfestival,#music,3
62,62,36944311,Love it! #art #blackart https://t.co/dUMyVhVJTY,#art,6
63,63,36944311,RT @AshleeSade7 Loving the wardrobe in #WithThisRing #style #fashion #onpoint --&gt;IKR,#fashion,7
64,64,19087781,loved the talk today @rolandsmartin @DawudWalid @lsarsour #tvone #newsonenow,#news,0
65,65,19087781,@tamronhall Great questions Tamron #newsnation #atruejournalist,#news,0
66,66,19087781,Lauryn Hill needs to re-release the MisEducation of Lauryn Hill ASAP #musictodayisLOST,#music,0
67,67,19087781,"Favorite clothing items... scarves, caftans, abayas &amp; tunics #fashion",#fashion,7
68,68,866605974,"RT @RayBeckerman: ""Another Man Done Gone"" Odetta http://t.co/EDzFJ11P #music #freedom",#music,2
69,69,866605974,"RT @artistmparedes: LabArt LA ""In The Name Of America"" #wynwood#streetart#fashion#photography
#LAstreetart#nyc#murals#art#artist http:// ...",#art,0
70,70,866605974,"RT @RayBeckerman: ""Oooh my head"" Richie Valens http://t.co/05H5TRnO #music #rockandroll #rock",#music,2
71,71,866605974,RT @RayBeckerman: 5 Things Needed To PRE-Prepare for a Crowd Funding Campaign ~ #musicthinktank http://t.co/waemz0gZ,#music,0
72,72,866605974,"RT @RayBeckerman: ""Red River blues"" Sonny Terry &amp; Brownie McGhee http://t.co/hwmXs8CD #music #blues",#music,2
73,73,866605974,"RT @RayBeckerman: ""Corrine Corrina"" Muddy Waters http://t.co/lF9tUwFf #music #blues",#music,2
74,74,66444148,I am #obsessed with #QueenoftheClouds @iamtovelo I LOVE #music with #meaning ,#music,2
75,75,66444148,"Trying to #work but I keep getting #distracted with #music and #selfies - Sincerely, Procrastinating in #Nashville http://t.co/THLS9iWduG",#music,1
76,76,66444148,I swear #music is my #drug...it puts me in a great mood!!,#music,2
77,77,66444148,Late to the party but always on time... #Lemonade #DanityKane #thirsty finallllllllyyy #new #music @danitykane  http://t.co/fal6hvESQW,#music,2
78,78,66444148,Ok another #obsession @nayarivera #the #shit #fromgleetosolostar #fun #music http://t.co/xlSQsbo54i,#music,2
79,79,66444148,And so it begins...finally!!! #ladygaga #artpop #return #of #mother #monster http://t.co/nvMXyNDya4,#art,0
80,80,66444148,@cherlloyd thank you for making my awful morning into a great one! #music #therapy #love #cherlloyd http://t.co/uE9QjYzIS0,#music,2
81,81,89905494,Let's embrace the point of no return #magnets #music #prettygirlsdontknowthethingsthatiknow @ https://t.co/DwnUw7q2gA,#music,2
82,82,2562369586,"RT @KasandyInc: Dressing corporate without sacrificing style.
Outfit details https://t.co/rBpBTbRoJ5
#style#fashion#ootd #kasandy https:/",#fashion,7
83,83,2562369586,RT @NeNeLeakes: Catch the Slay hunni! Giving face #fashionpolice @giulianarancic @bradgoreski @e_FashionPolice https://t.co/fGVMj4tpFG,#fashion,1
84,84,2562369586,RT @mattblashaw: RT @hgtvcanada: Design student makes tap water flow like #art: http://t.co/epnl1qqKR4 http://t.co/jbfZPY01l0,#art,6
85,85,2562369586,RT @nattyblackmen: Great details by @wearlapelpins  #highfashionblackmen #highfashionmen #hisfashionguide #fashionguide https://t.co/WXnBR,#fashion,0
86,86,2562369586,RT @EricCohler: Interior Design Project: Entry Space #EricCohler #ECD #mixmaster #art #design http://t.co/5viUzu6fvh,#art,6
87,87,2562369586,RT @Heathfactsnew: #art allows people a way to dream their way out of their struggle. #CatCinema,#art,6
88,88,2562369586,"RT @KingKravate: Purple Rain (Diamond Point)
Available Soon.
http://t.co/kO12L2buqm
__________________
#fashion #style https://t.co/qyAQHE",#fashion,7
89,89,2562369586,"RT @KingKravate: Floral Shock (Diamond Point)
Available Soon.
http://t.co/kO12L1TTyO
__________________
#fashion #style https://t.co/8W7gd",#fashion,7
90,90,2562369586,RT @ChipWade: #TBT #art #inspiration campaign with @HighMuseumofArt  What inspires you? http://t.co/4HX93uoj5o,#art,6
91,91,79994320, RT @ohnotheydidnt: Christina Aguilera Preforming at the 2014 New Orleans Jazz &amp; Heritage Festival http://t.co/cSq097oja9 #musicfestival,#music,3
92,92,3102315332,RT @ProsePractice: #PoemTrail #EminemGem #RavensVeil #jewelverse #MadVerse #artwiculate #POMwords #DrugVerse (prompts to be cont.) =&gt; https,#art,0
93,93,3102315332,"RT @Monoundlisa: @Snake__Boy @rekatrance @WolfangWildes @VilmarieZM Thanks for following,   #musicAGAINSTwar grab your copy on https://t.co",#music,5
94,94,383270253,Just getting creative with my s'mores #artsy  http://t.co/WzvO6y1S,#art,0
95,95,89905494,Let's embrace the point of no return #magnets #music #prettygirlsdontknowthethingsthatiknow @ https://t.co/DwnUw7q2gA,#music,2
96,96,419191691,Convos with my boss often go like this. They happened upon #IML in #Chicago today lol  #dogmask #fashionweek http://t.co/lbotHySTKv,#fashion,1
97,97,16625554,YES I am excited for Monday. #cleanslate #newstart https://t.co/ZIwUepPKnT,#news,0
98,98,16625554,Yesterday @ #musicmidtown2015 http://t.co/gagKcrBRpJ,#music,0
99,99,138075940,RT @MamaBoy_Movie: Getting ready to film one of the band practice scenes. #mamaboy #BTS #bandpractice #music #setlife @TheSeanODonnell http,#music,2
100,100,2454381863,RT @mehdifoundation: '#Unification is the #art of uniting #hearts with the #unshakeable #bond of #spiritual love.' - HH Younus AlGohar http,#art,6
101,101,2562369586,"RT @KasandyInc: Dressing corporate without sacrificing style.
Outfit details https://t.co/rBpBTbRoJ5
#style#fashion#ootd #kasandy https:/",#fashion,7
102,102,2562369586,RT @NeNeLeakes: Catch the Slay hunni! Giving face #fashionpolice @giulianarancic @bradgoreski @e_FashionPolice https://t.co/fGVMj4tpFG,#fashion,1
103,103,2562369586,RT @mattblashaw: RT @hgtvcanada: Design student makes tap water flow like #art: http://t.co/epnl1qqKR4 http://t.co/jbfZPY01l0,#art,6
104,104,2562369586,RT @nattyblackmen: Great details by @wearlapelpins  #highfashionblackmen #highfashionmen #hisfashionguide #fashionguide https://t.co/WXnBR,#fashion,0
105,105,2562369586,RT @EricCohler: Interior Design Project: Entry Space #EricCohler #ECD #mixmaster #art #design http://t.co/5viUzu6fvh,#art,6
106,106,2562369586,RT @Heathfactsnew: #art allows people a way to dream their way out of their struggle. #CatCinema,#art,6
107,107,2562369586,"RT @KingKravate: Purple Rain (Diamond Point)
Available Soon.
http://t.co/kO12L2buqm
__________________
#fashion #style https://t.co/qyAQHE",#fashion,7
108,108,2562369586,"RT @KingKravate: Floral Shock (Diamond Point)
Available Soon.
http://t.co/kO12L1TTyO
__________________
#fashion #style https://t.co/8W7gd",#fashion,7
109,109,2562369586,RT @ChipWade: #TBT #art #inspiration campaign with @HighMuseumofArt  What inspires you? http://t.co/4HX93uoj5o,#art,6
110,110,779611351,"RT @2DayFM: Sydney siege gunman Man Monis has been buried at a secret location.
#newsfeed",#news,3
111,111,2787176905,RT @MorningNewsUSA: Oklahoma University Shuts Fraternity Over Racist Video http://t.co/ttqcekd0vD #news,#news,4
112,112,319434562,Men's Fashion Advice: How do you know your tie is too long? Did you accidentally pee on it at the urinal? Then it's too long #GQ #fashion,#fashion,3
113,113,20942633,"RT @BlackBabyShow: African Tailors and Seamstress information - feel free to tag more in the below comments 
#attire #fashion https://t.co/",#fashion,7
114,114,20942633,RT @BlackBabyShow: We  this! #art #caribbean #illustration https://t.co/RYQH2GKN4j,#art,6
115,115,20942633,RT @BlackBabyShow: #fashion we like! Feel free to tag #FashionDesigners you like in the post below https://t.co/Jkbumgdu42,#fashion,7
116,116,20942633,RT @BlackBabyShow: Soooo Cute! - Tag any African Kids #Fashion designers in the UK below #africanFashion #fashionistas https://t.co/1rtTwb4,#fashion,7
117,117,20942633,RT @zennie62: San Francisco Ends Towing Fees For Stolen Car Victims  CBS Local https://t.co/4XwKN2ozSY #news,#news,4
118,118,20942633,RT @laramarierolo: Rep. Gilda Cobb-Hunter at @CofC for #BlackHistoryMonth conversation on African Amer. woman in #politics @ABCNews4 https:,#politics,3
119,119,178534670,Bobby Jindal is really a joke with these dumbass tv ads.... #politics,#politics,0
120,120,779611351,"RT @2DayFM: Sydney siege gunman Man Monis has been buried at a secret location.
#newsfeed",#news,3
121,121,29231236,We like having options! #clue #cluegame #vintageclue #hitchcockclue #options #games https://t.co/p66KXzLGGn,#games,0
122,122,29231236,"RT @AdviceToWriters: Mystery is the basic element of all works of art.
LUIS BUUEL
#art #literature #writing #writetip",#art,6
123,123,2787176905,RT @MorningNewsUSA: Oklahoma University Shuts Fraternity Over Racist Video http://t.co/ttqcekd0vD #news,#news,4
124,124,3172753103,"RT @amina001kms: Hi listenplease to this beautiful song by #SouhilaBenLachhab
 https://t.co/b1gyE2zmSq
#FreebieFriday
#got7
#news
#rt #on",#news,4
125,125,3172753103,"RT @2sLxKWPMeqtes7g: #giveaway #TravelTuesday #music #SoundCloud101 #IhabAmir
Follwo@Ihab_Amir
Listen to the romantic song Woowhtt",#music,2
126,126,3172753103,"RT @psycholmdf: Follow plz
 https://t.co/08y2I97xqq  @SuhilaBnLachhab 
#german #news #hockey #rte #love #osmanl #twitter https://t.co/u",#news,5
127,127,3172753103,"RT @psycholmdf: Follow plz
 https://t.co/r5s5u7OKuX  @Ihab_Amir
#german #news #hockey #rte #love #osmanl #twitter https://t.co/Tn3pPzpK",#news,5
128,128,3172753103,"RT @souhabia_dz: listen  #music
https://t.co/hVApEIcvrd   
#follow plz @Ihab_Amir 
 https://t.co/dwD64bwFch    
#giveaway",#music,5
129,129,3172753103,"RT @sucr_amila: Follow
  
  
https://t.co/JsaeKl7Ek6
 https://t.co/GGoA0Dfctg
#SouhilaBenLachhab
#music 
#wi
#TrackOfTheDay
#fi",#music,5
130,130,3172753103,"RT @masoum450: https://t.co/b4kyjS1Fey
Follow 
 @SuhilaBnLachhab 
#FachitasBar 
#MuseumWeek 
#musicforbrussels 
#MusicMonday 
#mu",#music,5
131,131,48636686,"RT @Brimshack: Miller certainly does know how to dodge a question, much like his boss. @AnnCoulter #Trump #tcot #GOP #politics #Republicans",#politics,0
132,132,48636686,RT @Brimshack: It really is hilarious to see rightwingers suddenly discovering the bias Fox News. #tcot #gop #trump #media #politics #potus,#politics,4
133,133,48636686,RT @Brimshack: Argumentation and Its Narrative Payoff https://t.co/uwXDCL6ZpH via @wordpressdotcom #rhetoric #logic #philosophy #politics #,#politics,0
134,134,48636686,RT @Brimshack: Black and Blue https://t.co/JrjH4vWGL2 via @wordpressdotcom #Blackhistorymonth #music #race #education #history #youtube #Fo,#music,2
135,135,616826936,RT @AtlantaBallet: Kiara is rocking an interesting look today! LOL #fashionforward #loveher #atlantaballet https://t.co/8VZCsaSKdt https://,#fashion,0
136,136,20942633,"RT @BlackBabyShow: African Tailors and Seamstress information - feel free to tag more in the below comments 
#attire #fashion https://t.co/",#fashion,7
137,137,20942633,RT @BlackBabyShow: We  this! #art #caribbean #illustration https://t.co/RYQH2GKN4j,#art,6
138,138,20942633,RT @BlackBabyShow: #fashion we like! Feel free to tag #FashionDesigners you like in the post below https://t.co/Jkbumgdu42,#fashion,7
139,139,20942633,RT @BlackBabyShow: Soooo Cute! - Tag any African Kids #Fashion designers in the UK below #africanFashion #fashionistas https://t.co/1rtTwb4,#fashion,7
140,140,20942633,RT @zennie62: San Francisco Ends Towing Fees For Stolen Car Victims  CBS Local https://t.co/4XwKN2ozSY #newsRT @TexasBlackExpo: 7 Black Business &amp; tech professionals who are changing the game #texasblackexpo: https://t.co/59vf7jvFMD,#news,0
141,141,20942633,RT @laramarierolo: Rep. Gilda Cobb-Hunter at @CofC for #BlackHistoryMonth conversation on African Amer. woman in #politics @ABCNews4 https:,#politics,3
142,142,24102642,RT @jbenefield: Hey friends! Go to https://t.co/ztYTfXMR3h and enter the contest to possibly win a free recording session. #music,#music,2
143,143,24102642,RT @anadjurkovic3: I'm uploading a time lapse of this #UntilDawn painting to YouTube soon! (http://t.co/zbBZHA2Lq5) #gaming #art http://t.c,#art,6
144,144,2973332381,RT @jonathan_hart14: #countrymusic #news ABC Cancels 'Nashville' After Four Seasons https://t.co/jfyKTJmj0X,#news,4
145,145,2973332381,"RT @jonathan_hart14: #countrymusic #news Jerrod Niemann, Lee Brice Perform Acoustic 'A Little More Love' [Listen] https://t.co/jH8Mw25CwE",#news,4
146,146,2973332381,RT @ElvisStyleBook: #takingcareofbusiness #TCB #bag from #etsy. #ElvisPresleys #logo. #fashion #handbag #love https://t.co/x2piPhHP17,#fashion,7
147,147,2973332381,RT @moodcards: Lets delight in our colourful difference to live in perfect harmony #acceptance #art #peace via @themoodcards https://t.co/W,#art,6
148,148,2973332381,RT @jonathan_hart14: #countrymusic #news Jake Owen to Open Riverfront Stage at 2016 CMA Fest https://t.co/xhqMmqA1qF,#news,4
149,149,2973332381,RT @jonathan_hart14: #countrymusic #news 10 Years Ago: Jo Dee Messina Runs the Boston Marathon https://t.co/y2CaHGixta,#news,4
150,150,2416840645,RT @herartsinaction: .@TheEllenShow would you promote #celebrity #art auction w @KrisPolaha @Stana_Katic @ShiriAppleby @AustinBasis https:/,#art,6
151,151,2416840645,"RT @DominiqueFricot: New live music video. #musicwhereithappens 
  https://t.co/4Gr0CVtqyQ",#music,2
152,152,2416840645,RT @herartsinaction: .@TheEllenShow would you promote #celebrity #art auction w @KrisPolaha @Stana_Katic @ShiriAppleby @AustinBasis https:/,#art,6
153,153,2416840645,"RT @DominiqueFricot: New live music video. #musicwhereithappens 
  https://t.co/4Gr0CVtqyQ",#music,2
154,154,718300478,"Sometimes I strap on my guitar and pretend to know what I'm doing.

#music #guitarist #PRS https://t.co/vuOiMPhXJt",#music,2
155,155,718300478,RT @the_hics: Back in the hub today. #music #studio #london https://t.co/rzXoZhp5kz,#music,2
156,156,718300478,"Sometimes I strap on my guitar and pretend to know what I'm doing.

#music #guitarist #PRS https://t.co/vuOiMPhXJt",#music,2
157,157,718300478,RT @the_hics: Back in the hub today. #music #studio #london https://t.co/rzXoZhp5kz,#music,2
158,158,346310609,RT @NewhouseSU: Interesting #newsengagementday infogram by @jmgrygiel shows where folks get their news. #NHned @AEJMC http://t.co/ZIn2QTztuC,#news,4
159,159,187678724,Somehow becoming the only one in the office means you can pump up the jams as loud as you like. #partyofone #newsroomofone,#news,1
160,160,187678724,Somehow becoming the only one in the office means you can pump up the jams as loud as you like. #partyofone #newsroomofone,#news,1
161,161,2240061356,"These moments always get me :') (^^)
#Aquaman #arthurcurry #Mera #Atlantis #DcHeroes #New52  #DcComics #Comics http://t.co/AZKCm6aalU",#art,0
162,162,2240061356,"These moments always get me :') (^^)
#Aquaman #arthurcurry #Mera #Atlantis #DcHeroes #New52  #DcComics #Comics http://t.co/AZKCm6aalU",#art,0
163,163,897908353,"Just wrote my second poem about Tinder. I'm not proud, but I'm not embarrassed either #art",#art,1
164,164,897908353,I want to do a project with Shia LaBeouf where we lock ourselves in a NYC subway bathroom for 96 hours and write Finnegan's Wake 2 #artsy,#art,1
165,165,897908353,RT @WatchersOTWall: The Game of Thrones season 6 return of a character confirmed! http://t.co/wkOK7MLHBJ #spoilers #gameofthrones #news htt,#news,4
166,166,897908353,RT @theatricalEB: Go tripping around a #Boston #art museum with A Trip Down Reality Lane with @ianthomasmalone http://t.co/o5MJtBBrsb #book,#art,6
167,167,897908353,RT @WatchersOTWall: Game of Thrones casting a theater troupe and more! http://t.co/hMSS1Ygkcw #GameOfThrones #news #season6 #spoilers http:,#news,4
168,168,897908353,RT @WatchersOTWall: Are these Game of Thrones stars spotted in Belfast returning in season 6? http://t.co/KaqgoGGDXa #gameofthrones #news h,#news,4
169,169,230346110,RT @ViewHipHopMusic: Trending New Music: Future &amp; The Weeknd - Low Life | https://t.co/t43o4RRp5H #music,#music,2
170,170,230346110,RT @ViewHipHopDaily: New Video: Chris Brown ft Solo Lucci - Wrist | https://t.co/9XOG9uggad #music,#music,2
171,171,230346110,RT @ViewHipHopMusic: Full Album: Chris Brown - Royalty | https://t.co/vdMhnMi2uq #new #music,#music,2
172,172,230346110,When you hear The Weeknd music play #music #slowmotion (Vine by Malcolm Carter Productions) https://t.co/Aar4y7mCAF,#music,2
173,173,230346110,When the audio tune make you sound good as hell while singing. #music #christucker #audiotune https://t.co/SnGDt33xhi,#music,2
174,174,230346110,When singing goes wrong in the studio. #music https://t.co/TjELuDotAu,#music,2
175,175,348055021,Piatas are to pay homage to a time when animals were filled with candy #Twitter10k #PCAs #folloback #AHSHotel #IdolPremiere #HOF #newsnight,#news,0
176,176,1439285520,"RT @UzoAduba: @indiaarie  Twitter limits my full heart share of your art so I'll just say: Video, I Am Not My Hair, Ready For Love #music",#music,6
177,177,1439285520,"RT @UzoAduba: @indiaarie  Twitter limits my full heart share of your art so I'll just say: Video, I Am Not My Hair, Ready For Love #music",#music,6
178,178,4419043881,RT @Smartoools_UAE: Universal mobile charger that is a piece of Art. #mobile #accessories #UAE #Dubai #art #fashion https://t.co/sCSK4nbaWr,#art,6
179,179,4419043881,RT @SCloudMarketing: Get 200 SoundCloud Followers only for $5.99 https://t.co/T9EJNIzY9N  #SoundCloudTips #Music #Musician #artists #startu,#art,2
180,180,4419043881,"RT @Ozzmak: Sohm ""TOP INDIE FILM INDUSTRY PROS ISSUE""  https://t.co/lz36IpI73Y #Indiefilm @shineonmag #sohm #indie #film #news https://t.co",#news,4
181,181,4419043881,"RT @CoOpCube: We had to re-post this photo of yours  @beauwolf 
#diet #nutrition #funny #fitness #fashion : @coopcube https://t.co/yvTSrt",#fashion,7
182,182,4419043881,"RT @Indie_Success: If you can see, you can also take photos. But learning to see may take a long time - Unknown  #art #photo #quote",#art,0
183,183,4419043881,"RT @hypefreshmag: BRAND ""NEWNESS"": @Swa_Playmaker Drops 'Flights' (Prod. By @itsTOPE) https://t.co/VTHiPVA6jx #new #music #hiphop https://t",#music,2
184,184,4419043881,RT @JoeyCutless: $5.99 #soundcloud Promo - LIMITED TIME DEAL Attn: #artists #rappers #singers https://t.co/k0r99lRr6q,#art,0
185,185,4419043881,RT @Drudge_Report_: MT: #London #newspaper to #close after just nine weeks? https://t.co/a3TgrC8t3V,#news,0
186,186,4419043881,"RT @Obi_Obadike: Will super low caloric diets hurt or help you? Read this #article I wrote. #health,#nutrition,#diet,#fatloss.
https://t.co",#art,1
187,187,4419043881,RT @Simonna: RUSH FOR LOVE is on @VEVO! Make sure to check it out!  #music #love #vevo #musicvideo #newmusic #np #new #hit https://t.c,#music,2
188,188,4419043881,RT @NeVaeh_Skyy: #FLorida #notary #laws #news &amp; #notarial #services Learn more with #Skyy #5616660651 or visit https://t.co/i6mXATJS6j for,#news,4
189,189,4419043881,RT @1hannahz: Just finished piece for the Summer Collection! #hannahz #zhannahz #fashion #trendytuesday @ https://t.co/SxQwsSt9XO,#fashion,7
190,190,4419043881,"RT @TiffanyAvon: Look at the pool 'symbol'! Accidentally looks like Prince symbol, right? #prince #princesymbol #coincidence #music https:/",#music,3
191,191,4419043881,RT @bbleClin: A fabulous selection of women's fashions for every occasion https://t.co/NgNGcuXhs9  #clothing #fashion #hot,#fashion,7
192,192,4419043881,"RT @Indie_Success: Turn Off the Lights
New #musicvideo by Trevor Jackson originally from NYC.
Check it out now!
https://t.co/9cspgBoHKS...",#music,0
193,193,4419043881,RT @BOSSCODEMAG: Get your ad in https://t.co/ajPZf8TVdG #business #artist #entrepreneur #nyc #model #hiphop #Mixtape #soundcloud #la https:,#art,0
194,194,4419043881,RT @Moytben: Company that created a Asian fine art stock exchange https://t.co/Jmujo3prHx #photographyart #printart #paintings #artcollect,#art,6
195,195,4419043881,RT @inkalex: Energy In The Air By K3OPS https://t.co/K6vodqyCCy via @MakTechBlog #IoT #renewableenergy #InternetofThings #Hem #MEMS #news,#news,4
196,196,4419043881,"RT @Moytben: ""Achieved a gross margin of 93% in '15, which is up from 91% in '14"" https://t.co/U3R4QonOLg #hongkong #shanghai #artwork #po",#art,0
197,197,4419043881,"RT @TheHoodMTV: #New Music Video By Fat Joe French Montana Remy Ma
https://t.co/4owCD37fop
#Hiphop #musicvideo #newsong #newmusic #harlem #",#music,2
198,198,4419043881,RT @Indie_Success: Get Thousands of Views on #etsy #art items #etsyshop https://t.co/XgH3Y7PElV...,#art,6
199,199,4419043881,RT @Indie_Success: Photography! Acquiring the knowledge and tools to express your artistic vision. - Wayne Paulo  #art #photo #quote,#art,6
200,200,4419043881,RT @BOSSCODEMAG: Get your ad in https://t.co/ajPZf8TVdG #business #artist #entrepreneur #nyc #model #hiphop #country #rock #ohio #la https:,#art,0
201,201,30480494,"RT @HeartJacking: ""Rumors Fill the Air at Hedi Slimanes Saint Laurent Show"" https://t.co/v3nzyDRgYV #fashion #hat #teeshirt #etsy #shoppin",#fashion,3
202,202,30480494,RT @deus6001: Coming March 2016 #THEDMATZZIS #crimedrama #Webseries  #sexy #familydrama #music #demedriuscharlesproductions https://t.co/fu,#music,2
203,203,3317296048,PHOEBE ENGLISH UCA fashion film 2014 - https://t.co/aQCxuVHZKW via the #fashionfilm I edited for 2nd year #phoebeenglish inspired,#fashion,7
204,204,3317296048,Booty gifs #art,#art,6
205,205,3581658501,RT @zesty_politics: #ScottBaio trends after endorsing Trump https://t.co/0elgUzkvR3 #DonaldTrump #politics https://t.co/mvQFGjNaYT,#politics,0
206,206,3581658501,RT @zesty_politics: BOOM Andrea Tantaros UNLOADS on Mitt Romney Take It and Shove It... https://t.co/wU5YhwUa66 #DonaldTrump #politics ht,#politics,0
207,207,3317296048,PHOEBE ENGLISH UCA fashion film 2014 - https://t.co/aQCxuVHZKW via the #fashionfilm I edited for 2nd year #phoebeenglish inspired,#fashion,7
208,208,3317296048,Booty gifs #art,#art,6
209,209,322914677,RT @DarrenKavinoky: The real price of a cup of #tea @CNN https://t.co/f0yVdrAkEF #humantrafficking #news,#news,4
210,210,322914677,RT @Criticl_feed: Resist The Coming Cashless Society At Any Cost  https://t.co/VJQvMQJXMI New Read! #politics #uniteblue,#politics,3
211,211,3266856037,RT @NetworksManager: Current era #multicluturalism #Europe by award winning #artist.#islam #ItsIslamStupid #MAGA https://t.co/UXnIb9B0B3 ht,#art,0
212,212,1639305888,"Working on an original song called ""N"".

#thisiswhattranslookslike #transgender #guitar #music https://t.co/JYmePnvJfK",#music,2
213,213,1639305888,"#finished my #painting. #acid #trip much? Le shrug...
#art ? #artist ? #pop #blue #feelings https://t.co/HfMjPuvIzs",#art,6
214,214,1639305888,Gearing up for a July trip to D.C can't wait to see @JoshACLU @TheLadyValor @PentagonPresSec @iantDC #transgender #politics,#politics,0
215,215,383270253,Just getting creative with my s'mores #artsy  http://t.co/WzvO6y1S,#art,0
216,216,2454381863,RT @mehdifoundation: '#Unification is the #art of uniting #hearts with the #unshakeable #bond of #spiritual love.' - HH Younus AlGohar http,#art,6
217,217,224396005,RT @DellavalleJoan: Double denim #newyork #style 70s #inspired platform #shoes #lifestyleblogger #fashionblog #empire #hairstylist #ootd ht,#fashion,1
218,218,224396005,RT @PBMorningShow: Tomorrow we have #hiphop #artist @IAMSAFAREE discussing his album #itiswhatitisvol2 live at 9amPST @PlayboyTV https://t.,#art,0
219,219,224396005,RT @YRBMAGAZINE: Previously on #YRB T.I. - King @TIP #King #Paperwork https://t.co/hKdXwbGVQZ #music,#music,2
220,220,419191691,Convos with my boss often go like this. They happened upon #IML in #Chicago today lol  #dogmask #fashionweek http://t.co/lbotHySTKv,#fashion,1
221,221,53288330,"RT @Cheeks_Galloway: Finished #harleyquinn yesterday, so I'm back hitting it hard for my &amp; @ryanbnjmn's #tabletaffy familyzine! #art https:",#art,0
222,222,53288330,"RT @JimMahfood: Black sweater samurai. 
#sadisticmagician #artbook #idw #sketchbook #blacksweater #samurai #sword #inks #destruction https:",#art,0
223,223,53288330,fite to the dead #magic #wizard #art https://t.co/qvhDqqz4Qy,#art,6
224,224,53288330,"The dankest #pokemon #Weezing
#art 
https://t.co/VUgH18v9Aa https://t.co/icKDdYEjk7",#art,6
225,225,53288330,"@Sketch_Dailies #Sketch_Dailies It's late but here's Kid #kappa ready for a swim #Yokai
#art https://t.co/pM7I6KHl3Q",#art,6
226,226,53288330,"RT @GwynCampbell: Old, but official #Macross art. (Yoko Kadokami). Armored Minmay will kick your butt. ;-)
#anime #retroanime #art https://",#art,6
227,227,53288330,Rocket Dog. #art #cartoon #dog #rock #artists https://t.co/XSqU73oXxo,#art,6
228,228,53288330,Morning doodles #art http://t.co/5cU0oUZUhD,#art,6
229,229,53288330,"A sketch I did, he's an elf dude. #Sketch #art http://t.co/QSbwEXEjZv",#art,6
230,230,2454381863,RT @mehdifoundation: '#Unification is the #art of uniting #hearts with the #unshakeable #bond of #spiritual love.' - HH Younus AlGohar http,#art,6
231,231,319434562,Men's Fashion Advice: How do you know your tie is too long? Did you accidentally pee on it at the urinal? Then it's too long #GQ #fashion,#fashion,3
232,232,178534670,Bobby Jindal is really a joke with these dumbass tv ads.... #politics,#politics,0
233,233,224396005,RT @DellavalleJoan: Double denim #newyork #style 70s #inspired platform #shoes #lifestyleblogger #fashionblog #empire #hairstylist #ootd ht,#fashion,1
234,234,224396005,RT @PBMorningShow: Tomorrow we have #hiphop #artist @IAMSAFAREE discussing his album #itiswhatitisvol2 live at 9amPST @PlayboyTV https://t.,#art,0
235,235,224396005,RT @YRBMAGAZINE: Previously on #YRB T.I. - King @TIP #King #Paperwork https://t.co/hKdXwbGVQZ #music,#music,2
236,236,319434562,Men's Fashion Advice: How do you know your tie is too long? Did you accidentally pee on it at the urinal? Then it's too long #GQ #fashion,#fashion,3
237,237,178534670,Bobby Jindal is really a joke with these dumbass tv ads.... #politics,#politics,0
238,238,3172753103,"RT @amina001kms: Hi listenplease to this beautiful song by #SouhilaBenLachhab
 https://t.co/b1gyE2zmSq
#FreebieFriday
#got7
#news
#rt #on",#news,4
239,239,3172753103,"RT @2sLxKWPMeqtes7g: #giveaway #TravelTuesday #music #SoundCloud101 #IhabAmir
Follwo@Ihab_Amir
Listen to the romantic song Woowhtt",#music,2
240,240,3172753103,"RT @psycholmdf: Follow plz
 https://t.co/08y2I97xqq  @SuhilaBnLachhab 
#german #news #hockey #rte #love #osmanl #twitter https://t.co/u",#news,5
241,241,3172753103,"RT @psycholmdf: Follow plz
 https://t.co/r5s5u7OKuX  @Ihab_Amir
#german #news #hockey #rte #love #osmanl #twitter https://t.co/Tn3pPzpK",#news,5
242,242,3172753103,"RT @souhabia_dz: listen  #music
https://t.co/hVApEIcvrd   
#follow plz @Ihab_Amir 
 https://t.co/dwD64bwFch    
#giveaway",#music,5
243,243,3172753103,"RT @sucr_amila: Follow
  
  
https://t.co/JsaeKl7Ek6
 https://t.co/GGoA0Dfctg
#SouhilaBenLachhab
#music 
#wi
#TrackOfTheDay
#fi",#music,5
244,244,3172753103,"RT @masoum450: https://t.co/b4kyjS1Fey
Follow 
 @SuhilaBnLachhab 
#FachitasBar 
#MuseumWeek 
#musicforbrussels 
#MusicMonday 
#mu",#music,5
245,245,579351816,#flashback to @MariahCarey @Phones4uArena she was mother #chuffin #amazing #snapback #cowboyshirt #fashion https://t.co/fUiqzztptG,#fashion,7
246,246,579351816,#stokies go #hard on a #schoolnight #ThirstyThursday #pout #divas #partying after the launch of #IvyPark #fashion https://t.co/XKmdvO44LM,#fashion,7
247,247,579351816,@TinieTempah on @BBCTheVoiceUK #pure #fashion #crush that #lad is a Grade a #hottie #tinietempah #TheVoiceUK #Jordantowin,#fashion,7
248,248,579351816,"Today as been a good day for the feet, new    @adidasoriginals #kicks and some #vintage #brogues !! #love #adidas #newshoes #fashion",#fashion,7
249,249,579351816,https://t.co/AH2AzphB85 super obsessed with this #fashion line and #commercial @Beyonce you r a goddess #Topshop #IvyPark,#fashion,7
250,250,579351816,"@riverisland so bloody practical in these modern days of a 5p carrier, this is @BBCDragonsDen type shiz #functionalfashion #fashionblogger",#fashion,0
251,251,579351816,@marieclaireuk I think I'm in love #fashioncrush #love,#fashion,0
252,252,579351816,@BirminghamPride @ManchesterPride #Daesh chucking #gay  people off buildings &amp; #russias  #antigay propaganda lets get #politics  back #pride,#politics,0
253,253,579351816,Pure love for this #badlad #glad he can make #music he his #comfortable  with xx #zaynmalik #nme https://t.co/cLMazP8T2t,#music,2
254,254,579351816,Too bloody #true xx #music #meme #libertines #music #indie #petedoherty #carlbarat #poetry https://t.co/iNgjHTz04J,#music,2
255,255,579351816,My #ginandjuice is out and i am watching @ComptonMovie xx these boys are lyrical legends xx #drugs #love #music #compton #NYC,#music,0
256,256,579351816,about #Bowie you have always been a huge influence on me #fashion to my ever changing #taste in music you were always there #ripdavidjones,#fashion,2
257,257,579351816,"@NME let's face it, it would struggle to be more of a mess @ladygaga #artpop bring back the days of the #gaga #anthems #thefame #famemonster",#art,0
258,258,579351816,So song of the year this year has to be @justinbieber and #sorryjustin followed closely by the beautiful @Adele with #Hello   #musicgoals,#music,5
259,259,579351816,When hes naughty hes good but when hes good hes damn hot #gent #tweed #fashion #JekyllandHyde https://t.co/0Mbl2dt17E,#fashion,7
260,260,579351816,"@elliegoulding well done your outfit  @bbcmusic #BBCMusicAwards was not a complete disaster, proof keeping it simple works #fashion #music",#fashion,1
261,261,579351816,Watching @BBC #BBCMusicAwards and surely @Fearnecotton could have put a brush through her #hair #bbc #music,#music,2
262,262,579351816,@MTVUK people have the power xx what a brilliant return for @EODMofficial xx well done guys you have not been beaten by #Deash #music #wins,#music,2
263,263,579351816,Really good show @ClothesShow today #hotlads and #fashion,#fashion,7
264,264,579351816,@BBCR1 @gregjames @yearsandyears that jacket is amazing #crushing #fashioncrush #ollyyearsandyears,#fashion,0
265,265,579351816,"@Sheppardstyle I  that you used @HouseOfHolland &amp; @FollowWestwood last night, max double denim was the fashion low point #XFactor #fashion",#fashion,7
266,266,579351816,@HouseOfHolland #4thImpact are rocking the brand on @TheXFactor tonight #fashionista #houseofholland @4thImpactMusic love you girls xx,#fashion,0
267,267,579351816,My stunning @HouseOfHolland #houseofholland #londonfashionweek  #tshirt #fashionistas #fashion #love https://t.co/DjulTyZRNH,#fashion,7
268,268,579351816,When u think that @CHANEL #No5 ad is a ad for @channel5_tv you know the glamour or the brands gone #fashion #fragance,#fashion,0
269,269,579351816,Absolutely #chrushing on the #fashion on @AHSFX I think @ladygaga has found a role that really suits her #popstartoactor,#fashion,7
270,270,579351816,So it's the night of the #bieber @justinbieber well done on your #awards the #musicalwonder is back and on form #EMAs,#music,1
271,271,579351816,@NaomiCampbell @Miss_GraceJones @tyrabanks is it time that we saw more black models on the runway #fashion #racism #catwalk #supermodels,#fashion,0
272,272,579351816,That boy in a #camelcoat is #flippingthebird #converse #scarf #love #fashion #friends #lovestory https://t.co/mhk7v5yirb,#fashion,7
273,273,579351816,I keep finding #selfies from the weekend #london #fashionista #trenchcoat #girlcrush #instagay #geek https://t.co/U4YrsFIAQQ,#fashion,0
274,274,579351816,#fashionistas ready and pouting prior to @Miss_GraceJones @kylieminogue and @nilerodgers @BSTHydePark #instagay https://t.co/Zy9hqtCKH4,#fashion,0
275,275,579351816,@HouseOfHolland goodness #tote #largeit  #houseofholland #fashion #fashionista #love #BlackAndWhiteGoesGold #love https://t.co/7xhdQjpgQ6,#fashion,7
276,276,579351816,Signed @peaches artwork #love #Peaches #music #pop #punk #electro #filth #gay #love #fuck #rub https://t.co/XLtgRPHgTi,#music,2
277,277,579351816,"@7soulseven thanks for the follow, some amazing pieces on here!! Xx #Fashion #art #printed",#art,6
278,278,579351816,@Coach @Selfridges @MarkRonson beautiful #apparel Ill make sure I pop in to purchase a few pieces x #selfridges #LondonFashionWeek #fashion,#fashion,7
279,279,579351816,@LondonFashionWk @AmandaWakeley love the @anyahindmarch collection #amazing #bags #fashion #FashionWeek #LondonFashionWeek,#fashion,7
280,280,579351816,@Topman when dressed up appropriately and in the right fabric why not x #Jogger #fashion #Smart #Casual,#fashion,7
281,281,579351816,Some serious #fashion from the contestants on tonights #XFactor there may well be some real stars this year @TheXFactor #POPSTARS2015,#fashion,7
282,282,579351816,@adamlambert @QueenWillRock brilliant #rockinrio #adamlambert absolutely killing it!!! #queen #pop #music,#music,2
283,283,579351816,These houseofholland #snapbacks arriving today have made my weekend what #cute #fashion #buys I  https://t.co/EFjjxjOaXO,#fashion,7
284,284,579351816,Love my new #houseofholland pencil case #actualbeauty #stationary #floral  #fashionista #fashion https://t.co/74sGbHTw6l,#fashion,7
285,285,579351816,Loud night in @OfficialHARIBO @heatworld @CosmopolitanUK @KerrangMagazine #gossip #fashion #metal #rock #Nirvana http://t.co/6SGgCLjxsv,#fashion,7
286,286,579351816,@HouseOfHolland @henryholland thanku for making work so much more fun with your lovely bits #fashion #HouseofHolland http://t.co/e8pNga67BH,#fashion,7
287,287,579351816,Managed to pick up a #vintage @Burberry shirt today for 4!!! Today as been a good day #fashion @ClothesShow #stoke #vintagelad #love,#fashion,7
288,288,579351816,Hope all heading to and already @GlastoFest have an amazing time this weekend x #Glastonbury #2015 #music,#music,2
289,289,579351816,"Guys get checking this young designer out, saw one of her brilliant designs yesterday #designer #star #fashion  https://t.co/Gf7IbdYnML",#fashion,0
290,290,579351816,@richiechuff my summer read is sorted @voguemagazine #fashion #Diva #thedevilwearsprada,#fashion,7
291,291,472407653,"RT @jason_kageni: I got my first keyboard on my 9th #birthday .i have not looked back since then
@autismspeaks #music #navigate #jazz https",#music,2
292,292,472407653,RT @PhoenixDailyNew: Ducey vetoes two Arizona groundwater bills  #politics,#politics,0
293,293,472407653,RT @PhoenixDailyNew: McCain gets emotional talking about slain Navy SEAL Charlie Keating  #politics,#politics,0
294,294,472407653,RT @Tigerfists88: .@TheObamaDiary #news: Chat Away https://t.co/QAms8rsr82 #p2 #TFB #Obama | https://t.co/jGuf3f7TWF,#news,4
295,295,472407653,RT @USPSbiz: We joined forces with @Poshmarkapp to create Posh Post  a #shipping collaboration for #fashion. See how. https://t.co/1riWB,#fashion,7
296,296,472407653,RT @3Quarters2Day: Lorde - Royals - Saxophone Cover #music https://t.co/e51ykCAUoN,#music,2
297,297,472407653,RT @BinjTV: 10 Things You Probably Didn't Know About #Coachella https://t.co/ZcGka5Fwiq #music #art https://t.co/3G9oNvBNdn,#art,6
298,298,472407653,RT @CBSEveningNews: Now: @CBSThisMorning is live in the East. #newsisback https://t.co/nFQMQ1yIrZ,#news,0
299,299,472407653,RT @CBSThisMorning: Your world in 90 seconds. Watch this morning's Eye Opener: https://t.co/UfpDYS1XZs #newsisback https://t.co/VQxoSuGuWj,#news,0
300,300,616826936,RT @AtlantaBallet: Kiara is rocking an interesting look today! LOL #fashionforward #loveher #atlantaballet https://t.co/8VZCsaSKdt https://,#fashion,0
301,301,260897098,"This my jam janetjackson new single ""No Sleep"" #singingishealing #janet #newmusic #newsingle #jackson https://t.co/oPIyd2LfcN",#news,0
302,302,260897098,FAMILY!!!! Me with my Mom and my Bad Ass Brothers  #Family #mom #brothers #moses #love #lovethem https://t.co/HPKGRrXNzBFlashBackFriday Pic with @jazzepha #fbf #jazzepha #4evermoses #producer #2012 #music #ATL #moses https://t.co/ytPgjiEsNf,#music,2
303,303,260897098,Late Pic with dondrianicole and @thisisnivea at the #C4AC event #c4ac #fashionshow #event http://t.co/EC4ZDEVrs0,#fashion,3
304,304,260897098,Me and @leleelyons #SWV #girlgroup #90sgirlgroup #music #rnb #classic #4evermoses #moses #lelee #90s http://t.co/xTTuVAO5dz,#music,2
305,305,260897098,Me and Ms Pretty Girl Rocks @kerihilson #AtlFinest #vocals #voice #sing #music #artist #kerihilson http://t.co/SpP5IQoPhI,#art,0
306,306,260897098,4everbrandy will always be my Favorite singer  #music #vocalbible #brandy #moses #4ever #brocka http://t.co/WQ9XcGctCa,#music,2
307,307,260897098,@KeKeWyattSings and I #C4AC #foundationfocus #event #picture #nofilter #focus4life ##fashionshow #atlevents http://t.co/WNLxJjLNiW,#fashion,1
308,308,260897098,Your the ONE for me!!@Dondria and I #C4AC #foundationfocus #event #picture #nofilter #focus4life ##fashionshow http://t.co/gKI86SOe3H,#fashion,1
309,309,260897098,Congratulations @4everBrandy in 20 years u mean so much to me #glorrrey #music #20years #thevocalbible http://t.co/jukLZC4aJM,#music,2
310,310,260897098,@towandabraxton Birthday Party #wetv #braxtonfamilyvalues #towanda40fab #atlanta #tu #music #schooldaze #thebraxtons http://t.co/RhHXKMCyVr,#music,2
311,311,260897098,@TheSkorpion I love that song #music #twoeleven,#music,2
312,312,260897098,"This my jam janetjackson new single ""No Sleep"" #singingishealing #janet #newmusic #newsingle #jackson https://t.co/oPIyd2LfcN",#news,0
313,313,260897098,FAMILY!!!! Me with my Mom and my Bad Ass Brothers  #Family #mom #brothers #moses #love #lovethem https://t.co/HPKGRrXNzBFlashBackFriday Pic with @jazzepha #fbf #jazzepha #4evermoses #producer #2012 #music #ATL #moses https://t.co/ytPgjiEsNf,#music,2
314,314,260897098,Late Pic with dondrianicole and @thisisnivea at the #C4AC event #c4ac #fashionshow #event http://t.co/EC4ZDEVrs0,#fashion,3
315,315,260897098,Me and @leleelyons #SWV #girlgroup #90sgirlgroup #music #rnb #classic #4evermoses #moses #lelee #90s http://t.co/xTTuVAO5dz,#music,2
316,316,260897098,Me and Ms Pretty Girl Rocks @kerihilson #AtlFinest #vocals #voice #sing #music #artist #kerihilson http://t.co/SpP5IQoPhI,#art,0
317,317,260897098,4everbrandy will always be my Favorite singer  #music #vocalbible #brandy #moses #4ever #brocka http://t.co/WQ9XcGctCa,#music,2
318,318,260897098,@KeKeWyattSings and I #C4AC #foundationfocus #event #picture #nofilter #focus4life ##fashionshow #atlevents http://t.co/WNLxJjLNiW,#fashion,1
319,319,260897098,Your the ONE for me!!@Dondria and I #C4AC #foundationfocus #event #picture #nofilter #focus4life ##fashionshow http://t.co/gKI86SOe3H,#fashion,1
320,320,260897098,Congratulations @4everBrandy in 20 years u mean so much to me #glorrrey #music #20years #thevocalbible http://t.co/jukLZC4aJM,#music,2
321,321,260897098,@towandabraxton Birthday Party #wetv #braxtonfamilyvalues #towanda40fab #atlanta #tu #music #schooldaze #thebraxtons http://t.co/RhHXKMCyVr,#music,2
322,322,260897098,@TheSkorpion I love that song #music #twoeleven,#music,2
323,323,83472948,RT @WeAreWakanda: Featured artist: squeegool https://t.co/wNhcQCavBD #TheWiz #art #tv #fanart #broadway #afrofuturism #thewizlive https://t,#art,6
324,324,2497345790,RT @peterfacinelli: Spending time @guggenheim today. #art https://t.co/0Agw4q1nUO,#art,6
325,325,2497345790,RT @peterfacinelli: Spending time @guggenheim today. #art https://t.co/0Agw4q1nUO,#art,6
326,326,2638290883,RT @apelsinkaX: Aww finally its #friday yay#tgif #healthyliving #fit #fitmom #fashion #style #picoftheday https://t.co/1N9FZ1dr8o,#fashion,7
327,327,2638290883,RT @apelsinkaX: Love #lillypulitzer #buymelilly #fashion #fashionista #style #instagood #picoftheday #hair https://t.co/n7kqMZNHdy,#fashion,7
328,328,2638290883,RT @apelsinkaX: Aww finally its #friday yay#tgif #healthyliving #fit #fitmom #fashion #style #picoftheday https://t.co/1N9FZ1dr8o,#fashion,7
329,329,2638290883,RT @apelsinkaX: Love #lillypulitzer #buymelilly #fashion #fashionista #style #instagood #picoftheday #hair https://t.co/n7kqMZNHdy,#fashion,7
330,330,253719182,"RT @Irn__Bru: . @GaryLineker's crisp and emotional response on #LCFCChampions 
@BBCMOTD #football #news
#MOTD https://t.co/bhdIV2MeBP",#news,4
